productID,name,description,category,price,quantity,sellerID
1,Apple AirPods,listen to how poor others feel around you,Electronics,799.0,10,0
2,Apple MacBook Air,might cost you your kidney,Electronics,3000.0,31,1
3,Apple Airtag,track just about anything.. ethically of course,Electronics,100.0,96,1
4,Apple Smartwatch,track more than just time,Electronics,905.0,24,1
5,Ipad 2022,one of the useful products that we've made,Electronics,1549.0,7,1
6,AirPods Max,you may or may not need it but you should still buy it,Electronics,1861.5,65,1
7,Iphone 14 Pro Max 256 GB,be part of the ELITE,Electronics,5000.0,344,0
8,Banana 1KG,bananas don't exist where monkeys live,Food,12.0,498,2
9,TV Dinner,hassle-free food,Food,20.0,34,2
10,T-Shirt,it's blue,Clothing,35.0,10,2
11,Clorox,mr.clean,Cleaning,15.0,44,2
12,Croissant,oui,Food,3.0,30,2
13,Fries 1KG,fries are belgium not french,Food,25.0,12,2
